,question,answer,question_index,answer_index,document_index
0,What was the name of the bridge built after the Ponte Vecchio and named Ponte Nuovo? ,"The Ponte Vecchio is a medieval stone closed-spandrel segmental arch bridge over the Arno, in Florence, Italy. It is the only bridge in Florence spared from destruction during World War II and is noted for the shops built along it, a practice that was once common on bridges. Initially, these shops were occupied by butchers, tanners, and farmers, but today they are home to jewellers, art dealers, and souvenir sellers.",O,0,1
1,"
What is the name of the corridor commissioned by the Commune in 1565 to redesign the bridge's architecture?","The Ponte Vecchio is a medieval stone closed-spandrel segmental arch bridge over the Arno, in Florence, Italy. It is the only bridge in Florence spared from destruction during World War II and is noted for the shops built along it, a practice that was once common on bridges. Initially, these shops were occupied by butchers, tanners, and farmers, but today they are home to jewellers, art dealers, and souvenir sellers.",C,0,1
2,What are the names of the two neighboring bridges of the Ponte Vecchio? ,"
The Ponte Vecchio's two neighboring bridges are the Ponte Santa Trinita and the Ponte alle Grazie. The bridge connects Via Por Santa Maria (Lungarno degli Acciaiuoli and Lungarno degli Archibusieri) to Via de' Guicciardini (Borgo San Jacopo and Via de' Bardi). Its name, meaning ""Old Bridge,"" was given when the Ponte alla Carraia was built and named Ponte Nuovo (""New Bridge"") in contrast.",O,1,1
3,"
Who is credited with the reconstruction of the Ponte Vecchio, addressing structural issues caused by floods?","
The Ponte Vecchio's two neighboring bridges are the Ponte Santa Trinita and the Ponte alle Grazie. The bridge connects Via Por Santa Maria (Lungarno degli Acciaiuoli and Lungarno degli Archibusieri) to Via de' Guicciardini (Borgo San Jacopo and Via de' Bardi). Its name, meaning ""Old Bridge,"" was given when the Ponte alla Carraia was built and named Ponte Nuovo (""New Bridge"") in contrast.",C,1,1
4,When was the Ponte Vecchio listed as a national artistic heritage site?,"
Historically, the Ponte Vecchio played a central role in the city's road system, connecting Roman Florentia with the Via Cassia Nova, commissioned by Emperor Hadrian in 123 AD. Today, although closed to vehicular traffic, it remains a vital pedestrian link between major tourist areas, connecting Piazza del Duomo and Piazza della Signoria on one side with Palazzo Pitti and Santo Spirito in the Oltrarno on the other.",O,2,1
5,What is the current use of the shops built along the Ponte Vecchio? ,"
The bridge has been listed as a national artistic heritage site since 1901 by the General Directorate of Antiquities and Fine Arts. Historians credit Taddeo Gaddi, a pupil of Giotto, with its reconstruction. Gaddi's design addressed structural issues caused by floods, improving water flow and ensuring the bridge's longevity.",O,3,1
6,"
Who was commissioned to redesign the bridge's architecture in 1565?","
The bridge has been listed as a national artistic heritage site since 1901 by the General Directorate of Antiquities and Fine Arts. Historians credit Taddeo Gaddi, a pupil of Giotto, with its reconstruction. Gaddi's design addressed structural issues caused by floods, improving water flow and ensuring the bridge's longevity.",C,3,1
7,"What were the initial occupations of the shops on the Ponte Vecchio, and what are they today? ","
In 1495, the municipality sold all the workshops on the bridge to private individuals. At that time, there were four workshops, and the new owners began modifying them by expanding, dividing, and advancing on the bridge stacks without considering symmetry or design unity. After severe floods in 1547 and 1557, the shop owners rebuilt their structures, further altering the bridge's symmetry.",O,4,1
8,"
Who is credited with the reconstruction of the Ponte Vecchio and what improvements did he make to the bridge?","
In 1495, the municipality sold all the workshops on the bridge to private individuals. At that time, there were four workshops, and the new owners began modifying them by expanding, dividing, and advancing on the bridge stacks without considering symmetry or design unity. After severe floods in 1547 and 1557, the shop owners rebuilt their structures, further altering the bridge's symmetry.",C,4,1
9,"What is the historical significance of the Ponte Vecchio in Florence, Italy? ","
In 1565, the Commune commissioned Giorgio Vasari to redesign the bridge's architecture. This project led to the creation of the Vasari Corridor, which transformed the bridge's appearance. The corridor introduced two different block heights, with the upstream side enclosed by a three-arched portico to support Vasari's aerial passage, while the central square on the other side remained open.",O,5,1
10,"
Who was credited with the reconstruction of the Ponte Vecchio and what design improvements did they make?","
In 1565, the Commune commissioned Giorgio Vasari to redesign the bridge's architecture. This project led to the creation of the Vasari Corridor, which transformed the bridge's appearance. The corridor introduced two different block heights, with the upstream side enclosed by a three-arched portico to support Vasari's aerial passage, while the central square on the other side remained open.",C,5,1
11,What is the name of the two neighboring bridges of Ponte Vecchio?,"
Ponte Vecchio is located at the intersection of the historic districts of Santa Croce, Santo Spirito, and Santa Maria Novella. The stores located above the bridge share the same address.",O,6,1
12,"Was the Ponte Vecchio initially occupied by shops selling butchers, tanners, and farmers products.","
",O,7,1
